{
    "file_name": "moon2_processed_psr_mapped_denoised.png",
    "file_size": 7578656,
    "creation_time": 1725607961.7975168,
    "modification_time": 1725607961.8970716
}