{
    "file_name": "moon2_processed_psr_mapped.png",
    "file_size": 7577833,
    "creation_time": 1725607960.828723,
    "modification_time": 1725607960.9225836
}