{
    "file_name": "moon2.png",
    "file_size": 8526868,
    "creation_time": 1725429840.8994803,
    "modification_time": 1725300879.935395
}